date,charge_kwh,discharge_kwh,aux_kwh,available
2025-01-01,8821.0,8000.0,140.0,1
2025-01-02,8796.0,7999.0,143.0,1
2025-01-03,7988.0,7287.0,139.0,1
2025-01-04,8226.0,7427.0,130.0,1
2025-01-05,8135.0,7380.0,127.0,1
2025-01-06,7479.0,6793.0,146.0,1
2025-01-07,8132.0,7322.0,141.0,1
2025-01-08,8734.0,7940.0,142.0,1
2025-01-09,8081.0,7353.0,143.0,1
2025-01-10,7545.0,6843.0,146.0,1
2025-01-11,7764.0,7016.0,135.0,1
2025-01-12,8756.0,7955.0,141.0,1
2025-01-13,7481.0,6808.0,134.0,1
2025-01-14,7200.0,6494.0,143.0,1
2025-01-15,8272.0,7474.0,127.0,1
2025-01-16,8045.0,7272.0,148.0,1
2025-01-17,8523.0,7695.0,134.0,1
2025-01-18,8807.0,7967.0,132.0,1
2025-01-19,7534.0,6845.0,143.0,1
2025-01-20,8641.0,7800.0,142.0,1
2025-01-21,7474.0,6777.0,136.0,1
2025-01-22,8819.0,7985.0,147.0,1
2025-01-23,7996.0,7245.0,145.0,1
2025-01-24,7436.0,6726.0,141.0,1
2025-01-25,8821.0,7983.0,146.0,1
2025-01-26,7716.0,7031.0,140.0,1
2025-01-27,8315.0,7540.0,137.0,1
2025-01-28,8885.0,7980.0,140.0,1
2025-01-29,8852.0,7980.0,140.0,1
2025-01-30,8140.0,7374.0,139.0,1
2025-01-31,8273.0,7530.0,139.0,1
2025-02-01,8293.0,7528.0,146.0,1
2025-02-02,8790.0,7977.0,129.0,1
2025-02-03,8576.0,7771.0,143.0,1
2025-02-04,8198.0,7426.0,148.0,1
2025-02-05,8073.0,7307.0,136.0,1
2025-02-06,8788.0,7974.0,154.0,1
2025-02-07,7322.0,6646.0,140.0,1
2025-02-08,8624.0,7733.0,133.0,1
2025-02-09,8472.0,7663.0,133.0,1
2025-02-10,7746.0,6980.0,150.0,1
2025-02-11,8206.0,7458.0,147.0,1
2025-02-12,7244.0,6596.0,135.0,1
2025-02-13,8826.0,7969.0,136.0,1
2025-02-14,8062.0,7286.0,136.0,1
2025-02-15,8541.0,7783.0,137.0,1
2025-02-16,8349.0,7548.0,141.0,1
2025-02-17,8155.0,7399.0,136.0,1
2025-02-18,7556.0,6802.0,144.0,1
2025-02-19,8276.0,7517.0,144.0,1
2025-02-20,8081.0,7311.0,142.0,1
2025-02-21,7476.0,6758.0,136.0,1
2025-02-22,8765.0,7877.0,145.0,1
2025-02-23,8128.0,7388.0,145.0,1
2025-02-24,7190.0,6520.0,144.0,1
2025-02-25,7969.0,7187.0,144.0,1
2025-02-26,7700.0,6993.0,137.0,1
2025-02-27,8174.0,7404.0,130.0,1
2025-02-28,8027.0,7257.0,132.0,1
2025-03-01,7909.0,7128.0,141.0,1
2025-03-02,8355.0,7524.0,137.0,1
2025-03-03,8497.0,7634.0,153.0,1
2025-03-04,8705.0,7863.0,148.0,1
2025-03-05,7863.0,7151.0,152.0,1
2025-03-06,7509.0,6773.0,152.0,1
2025-03-07,8052.0,7253.0,146.0,1
2025-03-08,8103.0,7344.0,150.0,1
2025-03-09,7185.0,6477.0,144.0,1
2025-03-10,7683.0,6945.0,145.0,1
2025-03-11,7831.0,7085.0,155.0,1
2025-03-12,8284.0,7533.0,154.0,1
2025-03-13,8062.0,7255.0,164.0,1
2025-03-14,8826.0,7948.0,158.0,1
2025-03-15,8577.0,7748.0,148.0,1
2025-03-16,7778.0,7045.0,136.0,1
2025-03-17,7885.0,7116.0,146.0,1
2025-03-18,8662.0,7801.0,149.0,1
2025-03-19,8507.0,7700.0,151.0,1
2025-03-20,8058.0,7298.0,137.0,1
2025-03-21,7732.0,7005.0,143.0,1
2025-03-22,7932.0,7142.0,155.0,1
2025-03-23,7271.0,6560.0,162.0,1
2025-03-24,7878.0,7129.0,164.0,1
2025-03-25,8847.0,7940.0,160.0,1
2025-03-26,8803.0,7939.0,154.0,1
2025-03-27,7282.0,6601.0,160.0,1
2025-03-28,8478.0,7621.0,162.0,1
2025-03-29,7858.0,7053.0,160.0,1
2025-03-30,7606.0,6826.0,142.0,1
2025-03-31,8374.0,7522.0,136.0,1
2025-04-01,8106.0,7301.0,189.0,1
2025-04-02,8585.0,7729.0,171.0,1
2025-04-03,7851.0,7059.0,198.0,1
2025-04-04,8569.0,7678.0,178.0,1
2025-04-05,8302.0,7473.0,190.0,1
2025-04-06,7808.0,7018.0,175.0,1
2025-04-07,8146.0,7302.0,197.0,1
2025-04-08,8097.0,7283.0,175.0,1
2025-04-09,8327.0,7438.0,171.0,1
2025-04-10,8300.0,7488.0,183.0,1
2025-04-11,8811.0,7923.0,183.0,1
2025-04-12,8191.0,7400.0,185.0,1
2025-04-13,8716.0,7892.0,192.0,1
2025-04-14,8786.0,7926.0,167.0,1
2025-04-15,8170.0,7315.0,197.0,1
2025-04-16,8206.0,7300.0,183.0,1
2025-04-17,7933.0,7155.0,185.0,1
2025-04-18,8321.0,7483.0,183.0,1
2025-04-19,7588.0,6813.0,165.0,1
2025-04-20,8792.0,7904.0,166.0,1
2025-04-21,7931.0,7127.0,191.0,1
2025-04-22,8190.0,7393.0,191.0,1
2025-04-23,7873.0,7099.0,176.0,1
2025-04-24,8750.0,7879.0,189.0,1
2025-04-25,8339.0,7497.0,180.0,1
2025-04-26,8141.0,7309.0,194.0,1
2025-04-27,8555.0,7742.0,167.0,1
2025-04-28,8511.0,7641.0,184.0,1
2025-04-29,8086.0,7294.0,170.0,1
2025-04-30,7952.0,7153.0,182.0,1
2025-05-01,8878.0,7914.0,245.0,1
2025-05-02,8776.0,7914.0,233.0,1
2025-05-03,8557.0,7662.0,250.0,1
2025-05-04,8149.0,7298.0,234.0,1
2025-05-05,8019.0,7217.0,243.0,1
2025-05-06,7951.0,7150.0,231.0,1
2025-05-07,8405.0,7550.0,242.0,1
2025-05-08,7783.0,6991.0,241.0,1
2025-05-09,7997.0,7165.0,233.0,1
2025-05-10,8324.0,7452.0,207.0,1
2025-05-11,7581.0,6769.0,236.0,1
2025-05-12,8059.0,7207.0,254.0,1
2025-05-13,8057.0,7260.0,239.0,1
2025-05-14,7713.0,6927.0,236.0,1
2025-05-15,8850.0,7876.0,236.0,1
2025-05-16,7783.0,6995.0,243.0,1
2025-05-17,7797.0,7029.0,233.0,1
2025-05-18,8212.0,7363.0,226.0,1
2025-05-19,8285.0,7418.0,234.0,1
2025-05-20,7847.0,7043.0,249.0,1
2025-05-21,8248.0,7358.0,236.0,1
2025-05-22,8469.0,7590.0,233.0,1
2025-05-23,7955.0,7108.0,228.0,1
2025-05-24,8380.0,7513.0,222.0,1
2025-05-25,8285.0,7410.0,217.0,1
2025-05-26,7999.0,7141.0,255.0,1
2025-05-27,7815.0,7050.0,246.0,1
2025-05-28,7938.0,7166.0,260.0,1
2025-05-29,8018.0,7163.0,261.0,1
2025-05-30,7616.0,6804.0,239.0,1
2025-05-31,8694.0,7855.0,230.0,1
2025-06-01,7247.0,6474.0,327.0,1
2025-06-02,7855.0,6987.0,320.0,1
2025-06-03,8818.0,7891.0,317.0,1
2025-06-04,7137.0,6408.0,345.0,1
2025-06-05,8323.0,7431.0,290.0,1
2025-06-06,8034.0,7189.0,307.0,1
2025-06-07,7406.0,6572.0,336.0,1
2025-06-08,8136.0,7250.0,318.0,1
2025-06-09,8593.0,7681.0,326.0,1
2025-06-10,8358.0,7462.0,314.0,1
2025-06-11,8231.0,7302.0,311.0,1
2025-06-12,7612.0,6741.0,344.0,1
2025-06-13,8385.0,7507.0,344.0,1
2025-06-14,8403.0,7445.0,313.0,1
2025-06-15,8369.0,7485.0,296.0,1
2025-06-16,8676.0,7754.0,301.0,1
2025-06-17,8135.0,7318.0,311.0,1
2025-06-18,8338.0,7469.0,304.0,1
2025-06-19,8802.0,7880.0,315.0,1
2025-06-20,8690.0,7812.0,338.0,1
2025-06-21,7606.0,6769.0,311.0,1
2025-06-22,7871.0,7021.0,306.0,1
2025-06-23,7776.0,6907.0,305.0,1
2025-06-24,7752.0,6893.0,327.0,1
2025-06-25,8869.0,7876.0,342.0,1
2025-06-26,7440.0,6630.0,330.0,1
2025-06-27,7781.0,6927.0,360.0,1
2025-06-28,8084.0,7236.0,314.0,1
2025-06-29,8179.0,7324.0,298.0,1
2025-06-30,7749.0,6936.0,323.0,1
2025-07-01,6863.0,6077.0,355.0,1
2025-07-02,8251.0,7328.0,419.0,1
2025-07-03,8177.0,7306.0,401.0,1
2025-07-04,8543.0,7564.0,372.0,1
2025-07-05,7478.0,6623.0,385.0,1
2025-07-06,8063.0,7201.0,388.0,1
2025-07-07,8832.0,7868.0,373.0,1
2025-07-08,8533.0,7589.0,430.0,1
2025-07-09,8159.0,7296.0,382.0,1
2025-07-10,7379.0,6587.0,396.0,1
2025-07-11,7689.0,6878.0,386.0,1
2025-07-12,8832.0,7865.0,369.0,1
2025-07-13,7805.0,6933.0,382.0,1
2025-07-14,8318.0,7365.0,368.0,1
2025-07-15,7880.0,7062.0,396.0,1
2025-07-16,8633.0,7657.0,380.0,1
2025-07-17,8077.0,7168.0,352.0,1
2025-07-18,7717.0,6855.0,386.0,1
2025-07-19,8858.0,7860.0,389.0,1
2025-07-20,8134.0,7231.0,384.0,1
2025-07-21,8373.0,7456.0,390.0,1
2025-07-22,7614.0,6756.0,408.0,1
2025-07-23,8407.0,7458.0,370.0,1
2025-07-24,7407.0,6606.0,359.0,1
2025-07-25,7579.0,6733.0,398.0,1
2025-07-26,7836.0,6990.0,367.0,1
2025-07-27,6920.0,6131.0,348.0,1
2025-07-28,8488.0,7558.0,416.0,1
2025-07-29,8800.0,7853.0,373.0,1
2025-07-30,8692.0,7735.0,363.0,1
2025-07-31,8050.0,7170.0,394.0,1
2025-08-01,8449.0,7519.0,374.0,1
2025-08-02,7640.0,6805.0,407.0,1
2025-08-03,8834.0,7850.0,348.0,1
2025-08-04,8237.0,7357.0,367.0,1
2025-08-05,8249.0,7323.0,384.0,1
2025-08-06,8627.0,7654.0,358.0,1
2025-08-07,6948.0,6163.0,345.0,1
2025-08-08,8037.0,7142.0,380.0,1
2025-08-09,7717.0,6846.0,389.0,1
2025-08-10,7625.0,6758.0,376.0,1
2025-08-11,7109.0,6309.0,353.0,1
2025-08-12,8865.0,7844.0,396.0,1
2025-08-13,7884.0,6984.0,360.0,1
2025-08-14,8562.0,7643.0,375.0,1
2025-08-15,8455.0,7512.0,375.0,1
2025-08-16,8811.0,7841.0,363.0,1
2025-08-17,8462.0,7590.0,388.0,1
2025-08-18,7316.0,6574.0,345.0,1
2025-08-19,7820.0,6916.0,352.0,1
2025-08-20,7805.0,6929.0,404.0,1
2025-08-21,7929.0,7031.0,370.0,1
2025-08-22,8845.0,7837.0,386.0,1
2025-08-23,8448.0,7467.0,383.0,1
2025-08-24,8281.0,7344.0,356.0,1
2025-08-25,7440.0,6628.0,345.0,1
2025-08-26,7314.0,6533.0,354.0,1
2025-08-27,8101.0,7206.0,399.0,1
2025-08-28,8096.0,7246.0,363.0,1
2025-08-29,8691.0,7694.0,394.0,1
2025-08-30,8578.0,7624.0,381.0,1
2025-08-31,8816.0,7831.0,376.0,1
2025-09-01,7984.0,7152.0,297.0,1
2025-09-02,8359.0,7495.0,302.0,1
2025-09-03,0.0,0.0,304.0,0
2025-09-04,0.0,0.0,331.0,0
2025-09-05,0.0,0.0,281.0,0
2025-09-06,7553.0,6742.0,313.0,1
2025-09-07,8253.0,7393.0,299.0,1
2025-09-08,7434.0,6635.0,298.0,1
2025-09-09,8134.0,7234.0,327.0,1
2025-09-10,7400.0,6623.0,286.0,1
2025-09-11,7850.0,6979.0,279.0,1
2025-09-12,7535.0,6766.0,286.0,1
2025-09-13,8532.0,7589.0,294.0,1
2025-09-14,7897.0,6989.0,293.0,1
2025-09-15,8272.0,7383.0,321.0,1
2025-09-16,8514.0,7629.0,297.0,1
2025-09-17,8788.0,7819.0,290.0,1
2025-09-18,7961.0,7138.0,314.0,1
2025-09-19,8510.0,7580.0,303.0,1
2025-09-20,7654.0,6824.0,294.0,1
2025-09-21,7722.0,6896.0,294.0,1
2025-09-22,7829.0,6982.0,307.0,1
2025-09-23,7828.0,6944.0,297.0,1
2025-09-24,8103.0,7225.0,297.0,1
2025-09-25,8032.0,7151.0,283.0,1
2025-09-26,7641.0,6882.0,314.0,1
2025-09-27,8026.0,7147.0,267.0,1
2025-09-28,8721.0,7702.0,294.0,1
2025-09-29,7434.0,6606.0,324.0,1
2025-09-30,7691.0,6876.0,327.0,1
2025-10-01,8693.0,7810.0,202.0,1
2025-10-02,7944.0,7150.0,199.0,1
2025-10-03,7329.0,6571.0,208.0,1
2025-10-04,8631.0,7808.0,190.0,1
2025-10-05,8600.0,7723.0,223.0,1
2025-10-06,7663.0,6857.0,201.0,1
2025-10-07,8545.0,7672.0,218.0,1
2025-10-08,7156.0,6452.0,210.0,1
2025-10-09,8689.0,7806.0,204.0,1
2025-10-10,8097.0,7253.0,216.0,1
2025-10-11,8612.0,7728.0,210.0,1
2025-10-12,8326.0,7468.0,206.0,1
2025-10-13,7987.0,7134.0,212.0,1
2025-10-14,7780.0,6998.0,197.0,1
2025-10-15,7496.0,6722.0,198.0,1
2025-10-16,7835.0,7035.0,213.0,1
2025-10-17,8004.0,7227.0,205.0,1
2025-10-18,8648.0,7738.0,216.0,1
2025-10-19,7470.0,6676.0,214.0,1
2025-10-20,8285.0,7414.0,220.0,1
2025-10-21,7641.0,6895.0,223.0,1
2025-10-22,8474.0,7565.0,236.0,1
2025-10-23,8103.0,7234.0,217.0,1
2025-10-24,7631.0,6843.0,204.0,1
2025-10-25,7864.0,7074.0,226.0,1
2025-10-26,7868.0,7068.0,203.0,1
2025-10-27,7839.0,7083.0,222.0,1
2025-10-28,8167.0,7329.0,205.0,1
2025-10-29,8068.0,7228.0,207.0,1
2025-10-30,7734.0,6974.0,183.0,1
2025-10-31,7347.0,6600.0,204.0,1
2025-11-01,7003.0,6330.0,154.0,1
2025-11-02,6900.0,6251.0,161.0,1
2025-11-03,8003.0,7201.0,145.0,1
2025-11-04,7688.0,6923.0,152.0,1
2025-11-05,7370.0,6609.0,160.0,1
2025-11-06,7845.0,7122.0,157.0,1
2025-11-07,7584.0,6797.0,155.0,1
2025-11-08,8669.0,7789.0,159.0,1
2025-11-09,8394.0,7570.0,151.0,1
2025-11-10,7115.0,6410.0,163.0,1
2025-11-11,7812.0,7005.0,165.0,1
2025-11-12,8209.0,7401.0,168.0,1
2025-11-13,8695.0,7786.0,151.0,1
2025-11-14,7417.0,6678.0,150.0,1
2025-11-15,8624.0,7785.0,175.0,1
2025-11-16,8328.0,7444.0,168.0,1
2025-11-17,8186.0,7425.0,171.0,1
2025-11-18,7988.0,7243.0,145.0,1
2025-11-19,8615.0,7751.0,159.0,1
2025-11-20,8041.0,7243.0,148.0,1
2025-11-21,7449.0,6704.0,165.0,1
2025-11-22,8126.0,7301.0,169.0,1
2025-11-23,8249.0,7393.0,181.0,1
2025-11-24,7740.0,6979.0,159.0,1
2025-11-25,7919.0,7147.0,168.0,1
2025-11-26,7631.0,6895.0,172.0,1
2025-11-27,7057.0,6388.0,163.0,1
2025-11-28,8153.0,7367.0,151.0,1
2025-11-29,7832.0,7076.0,167.0,1
2025-11-30,8636.0,7777.0,167.0,1
2025-12-01,7376.0,6673.0,138.0,1
2025-12-02,8113.0,7293.0,128.0,1
2025-12-03,8095.0,7308.0,150.0,1
2025-12-04,7572.0,6816.0,147.0,1
2025-12-05,8380.0,7589.0,144.0,1
2025-12-06,6430.0,5793.0,150.0,1
2025-12-07,7599.0,6875.0,138.0,1
2025-12-08,7536.0,6783.0,145.0,1
2025-12-09,8524.0,7734.0,128.0,1
2025-12-10,8534.0,7772.0,131.0,1
2025-12-11,7972.0,7211.0,137.0,1
2025-12-12,8249.0,7472.0,141.0,1
2025-12-13,6512.0,5897.0,126.0,1
2025-12-14,8181.0,7405.0,130.0,1
2025-12-15,8596.0,7769.0,144.0,1
2025-12-16,8596.0,7768.0,143.0,1
2025-12-17,8161.0,7318.0,149.0,1
2025-12-18,7890.0,7121.0,147.0,1
2025-12-19,7492.0,6740.0,143.0,1
2025-12-20,7410.0,6724.0,135.0,1
2025-12-21,8299.0,7501.0,140.0,1
2025-12-22,7023.0,6362.0,140.0,1
2025-12-23,7633.0,6887.0,148.0,1
2025-12-24,8594.0,7764.0,140.0,1
2025-12-25,8391.0,7587.0,132.0,1
2025-12-26,6945.0,6283.0,150.0,1
2025-12-27,8300.0,7504.0,145.0,1
2025-12-28,7648.0,6904.0,147.0,1
2025-12-29,8026.0,7238.0,137.0,1
2025-12-30,7947.0,7166.0,147.0,1
2025-12-31,7963.0,7234.0,144.0,1
