h00,h01,h02,h03,h04,h05,h06,h07,h08,h09,h10,h11,h12,h13,h14,h15,h16,h17,h18,h19,h20,h21,h22,h23
0.0550,0.0550,0.0550,0.0550,0.0550,0.0550,0.0550,0.0450,0.0400,0.0340,0.0300,0.0280,0.0280,0.0300,0.0380,0.0500,0.0700,0.1000,0.1500,0.1800,0.1200,0.0900,0.0700,0.0600
0.0550,0.0550,0.0550,0.0550,0.0550,0.0550,0.0550,0.0450,0.0400,0.0340,0.0300,0.0280,0.0280,0.0300,0.0380,0.0500,0.0700,0.1000,0.1500,0.1800,0.1200,0.0900,0.0700,0.0600
0.0550,0.0550,0.0550,0.0550,0.0550,0.0550,0.0550,0.0450,0.0400,0.0340,0.0300,0.0280,0.0280,0.0300,0.0380,0.0500,0.0700,0.1000,0.1500,0.1800,0.1200,0.0900,0.0700,0.0600
0.0550,0.0550,0.0550,0.0550,0.0550,0.0550,0.0550,0.0450,0.0400,0.0340,0.0300,0.0280,0.0280,0.0300,0.0380,0.0500,0.0700,0.1000,0.1500,0.1800,0.1200,0.0900,0.0700,0.0600
0.0550,0.0550,0.0550,0.0550,0.0550,0.0550,0.0550,0.0450,0.0400,0.0340,0.0300,0.0280,0.0280,0.0300,0.0380,0.0500,0.0700,0.1100,0.1650,0.1980,0.1320,0.0900,0.0700,0.0600
0.0550,0.0550,0.0550,0.0550,0.0550,0.0550,0.0550,0.0450,0.0400,0.0340,0.0300,0.0280,0.0280,0.0300,0.0380,0.0500,0.0700,0.1300,0.1950,0.2340,0.1560,0.0900,0.0700,0.0600
0.0550,0.0550,0.0550,0.0550,0.0550,0.0550,0.0550,0.0450,0.0400,0.0340,0.0300,0.0280,0.0280,0.0300,0.0380,0.0500,0.0700,0.2000,0.3000,0.3600,0.2400,0.0900,0.0700,0.0600
0.0550,0.0550,0.0550,0.0550,0.0550,0.0550,0.0550,0.0450,0.0400,0.0340,0.0300,0.0280,0.0280,0.0300,0.0380,0.0500,0.0700,0.5000,0.7500,0.9000,0.6000,0.0900,0.0700,0.0600
0.0550,0.0550,0.0550,0.0550,0.0550,0.0550,0.0550,0.0450,0.0400,0.0340,0.0300,0.0280,0.0280,0.0300,0.0380,0.0500,0.0700,1.0000,1.5000,1.8000,1.2000,0.0900,0.0700,0.0600
0.0550,0.0550,0.0550,0.0550,0.0550,0.0550,0.0550,0.0450,0.0400,0.0340,0.0300,0.0280,0.0280,0.0300,0.0380,0.0500,0.0700,0.1600,0.2400,0.2880,0.1920,0.0900,0.0700,0.0600
0.0550,0.0550,0.0550,0.0550,0.0550,0.0550,0.0550,0.0450,0.0400,0.0340,0.0300,0.0280,0.0280,0.0300,0.0380,0.0500,0.0700,0.1000,0.1500,0.1800,0.1200,0.0900,0.0700,0.0600
0.0550,0.0550,0.0550,0.0550,0.0550,0.0550,0.0550,0.0450,0.0400,0.0340,0.0300,0.0280,0.0280,0.0300,0.0380,0.0500,0.0700,0.1000,0.1500,0.1800,0.1200,0.0900,0.0700,0.0600
